order_id,user_id,product_id,order_value,order_time,distance_km,traffic_level,payment_method,delivery_partner_id,location,delivery_time_minutes,delivery_status,cancelled_flag
4001,1478,2292,8608,2025-03-14 00:39:00,0.96,high,CreditCard,3358,Juhu,12.3,delivered,0
4002,1309,2337,2161,2025-04-30 09:55:00,1.96,moderate,UPI,3087,Khar,20.8,delivered,0
4003,1231,2344,12533,2025-01-23 22:55:00,4.11,low,UPI,3181,Lower Parel,18.2,delivered,0
4004,1383,2405,1903,2025-05-19 18:03:00,0.69,moderate,CreditCard,3025,Lower Parel,11.2,delivered,0
4005,1155,2386,4529,2025-03-23 00:40:00,1.04,low,UPI,3446,Bandra,9.4,delivered,0
4006,1175,2287,5750,2025-01-06 04:10:00,1.27,low,CreditCard,3388,Vile Parle,10.2,delivered,0
4007,1336,2364,5750,2025-04-04 01:17:00,4.12,high,CreditCard,3222,Colaba,45.4,delivered,0
4008,1115,2225,6230,2025-02-04 21:52:00,5.63,moderate,CreditCard,3478,Fort,27.9,delivered,0
4009,1390,2286,3695,2025-01-04 16:30:00,1.42,low,UPI,3397,Powai,13.2,delivered,0
4010,1311,2204,2096,2025-01-23 02:17:00,1.06,low,UPI,3426,Juhu,9.4,delivered,0
4011,1481,2172,2575,2025-05-02 22:40:00,6.61,low,UPI,3049,Fort,32.6,delivered,0
4012,1300,2012,2074,2025-05-10 18:11:00,22.09,low,DebitCard,3334,Khar,78.7,delivered,0
4013,1018,2307,2164,2025-02-27 09:21:00,3.33,moderate,UPI,3440,Fort,17.4,delivered,0
4014,1272,2121,2484,2025-01-11 17:37:00,13.81,low,Wallet,3175,Bandra,53.0,delivered,0
4015,1012,2433,10380,2025-01-30 09:11:00,3.24,high,CreditCard,3392,Juhu,33.3,delivered,0
4016,1404,2244,2009,2025-04-04 18:52:00,3.97,low,DebitCard,3311,Juhu,19.8,delivered,0
4017,1301,2152,6375,2025-04-16 12:38:00,1.48,moderate,UPI,3472,Bandra,12.3,delivered,0
4018,1192,2152,7100,2025-05-07 08:29:00,1.7,high,UPI,3274,Lower Parel,22.5,delivered,0
4019,1232,2188,7175,2025-03-27 19:33:00,0.47,moderate,NetBanking,3035,Bandra,6.5,delivered,0
4020,1443,2395,2969,2025-03-09 15:47:00,5.19,low,UPI,3217,Lower Parel,24.9,delivered,0
4021,1093,2013,2127,2025-01-26 03:01:00,8.02,low,UPI,3209,Colaba,26.2,delivered,0
4022,1478,2091,4103,2025-04-25 02:54:00,2.93,low,UPI,3160,BKC,11.0,delivered,0
4023,1218,2200,30735,2025-04-02 16:19:00,1.26,high,Wallet,3408,Lower Parel,16.0,delivered,0
4024,1278,2074,4625,2025-04-02 00:54:00,0.5,high,CreditCard,3007,Fort,10.3,delivered,0
4025,1353,2256,12480,2025-01-01 18:48:00,0.92,high,CreditCard,3269,Lower Parel,10.2,delivered,0
4026,1487,2456,5348,2025-02-25 05:22:00,0.88,moderate,CreditCard,3126,BKC,7.2,delivered,0
4027,1303,2448,16706,2025-04-24 11:14:00,2.85,low,UPI,3475,Khar,15.3,delivered,0
4028,1029,2276,2426,2025-02-03 23:29:00,8.7,high,CreditCard,3368,Powai,59.9,delivered,0
4029,1470,2328,4016,2025-02-26 17:36:00,0.15,high,UPI,3325,Bandra,9.3,delivered,0
4030,1301,2329,1952,2025-03-22 00:45:00,0.0,low,DebitCard,3356,Powai,6.6,delivered,0
4031,1077,2071,3914,2025-01-07 19:28:00,2.75,low,UPI,3090,Bandra,12.0,delivered,0
4032,1009,2078,6611,2025-03-08 01:48:00,1.0,moderate,UPI,3042,Colaba,8.7,delivered,0
4033,1024,2284,2027,2025-05-08 17:54:00,6.37,low,CreditCard,3365,Vile Parle,22.9,delivered,0
4034,1015,2130,11842,2025-01-16 02:05:00,1.19,low,UPI,3159,Fort,8.7,delivered,0
4035,1164,2377,10092,2025-02-20 08:54:00,1.03,high,CreditCard,3202,Fort,15.3,delivered,0
4036,1013,2043,3213,2025-01-28 17:50:00,0.94,high,UPI,3366,Khar,15.1,delivered,0
4037,1347,2008,4242,2025-02-28 00:56:00,0.47,low,UPI,3282,Vile Parle,7.1,delivered,0
4038,1172,2013,1897,2025-01-15 06:37:00,2.61,low,CreditCard,3470,Vile Parle,15.8,delivered,0
4039,1357,2213,4839,2025-01-16 03:45:00,0.55,moderate,CreditCard,3332,Bandra,8.3,delivered,0
4040,1327,2111,6237,2025-01-07 05:58:00,1.66,moderate,UPI,3288,Fort,12.9,delivered,0
4041,1200,2476,4833,2025-01-26 01:20:00,1.85,low,CreditCard,3091,Fort,13.0,delivered,0
4042,1485,2291,3625,2025-05-12 03:49:00,0.06,moderate,UPI,3481,Vile Parle,6.0,delivered,0
4043,1489,2023,7376,2025-04-12 23:54:00,0.05,high,UPI,3125,Bandra,9.5,delivered,0
4044,1462,2302,2171,2025-04-09 18:39:00,2.2,high,UPI,3126,Lower Parel,17.5,delivered,0
4045,1378,2254,1945,2025-01-30 10:47:00,3.57,low,NetBanking,3052,Lower Parel,21.8,delivered,0
4046,1076,2015,6087,2025-03-25 12:43:00,8.55,low,CreditCard,3404,BKC,25.9,delivered,0
4047,1164,2130,11633,2025-01-10 06:18:00,0.59,high,UPI,3103,Andheri,6.1,delivered,0
4048,1372,2061,2215,2025-02-22 23:29:00,0.33,low,CreditCard,3361,Juhu,6.8,delivered,0
4049,1061,2115,2108,2025-04-15 03:27:00,0.16,moderate,DebitCard,3424,Colaba,5.0,delivered,0
4050,1488,2460,7490,2025-05-05 07:02:00,1.72,low,UPI,3187,Bandra,15.9,delivered,0
4051,1465,2320,4327,2025-04-01 23:49:00,2.93,low,DebitCard,3205,Lower Parel,12.0,delivered,0
4052,1424,2308,8385,2025-03-17 22:47:00,5.51,low,UPI,3014,Khar,25.9,delivered,0
4053,1245,2420,2223,2025-02-15 18:18:00,3.44,low,DebitCard,3428,Juhu,20.5,delivered,0
4054,1477,2451,4563,2025-04-04 10:06:00,0.7,high,CreditCard,3104,Juhu,12.9,delivered,0
4055,1382,2325,2036,2025-03-23 14:06:00,1.86,low,UPI,3117,Juhu,12.3,delivered,0
4056,1155,2067,4663,2025-03-02 02:20:00,7.24,high,UPI,3470,Vile Parle,62.2,delivered,0
4057,1257,2249,3717,2025-05-14 05:49:00,1.19,high,Wallet,3466,BKC,16.2,delivered,0
4058,1244,2175,10026,2025-05-07 04:29:00,2.07,low,CreditCard,3304,Khar,13.2,delivered,0
4059,1162,2339,26077,2025-04-05 17:41:00,9.55,moderate,CreditCard,3093,Andheri,70.5,delivered,0
4060,1068,2002,8576,2025-03-29 02:16:00,3.98,low,UPI,3427,Khar,19.6,delivered,0
4061,1344,2172,2761,2025-01-28 18:03:00,4.13,moderate,UPI,3144,Khar,23.3,delivered,0
4062,1277,2485,2033,2025-04-07 09:42:00,0.87,moderate,UPI,3110,Bandra,10.7,delivered,0
4063,1161,2448,18076,2025-03-07 22:09:00,1.61,low,UPI,3163,BKC,10.3,delivered,0
4064,1391,2465,2099,2025-04-17 14:55:00,0.26,low,CreditCard,3053,Powai,8.4,delivered,0
4065,1449,2334,11929,2025-02-22 00:55:00,2.8,moderate,DebitCard,3418,BKC,13.6,delivered,0
4066,1489,2284,2001,2025-05-12 20:24:00,0.33,high,CreditCard,3003,Powai,9.1,delivered,0
4067,1259,2475,4053,2025-01-10 12:06:00,5.42,low,UPI,3068,Andheri,28.2,delivered,0
4068,1492,2054,11711,2025-02-14 02:48:00,5.05,moderate,CreditCard,3246,Bandra,24.2,delivered,0
4069,1307,2458,5638,2025-03-11 07:31:00,2.29,low,NetBanking,3389,Vile Parle,18.0,delivered,0
4070,1335,2067,4312,2025-01-16 19:47:00,0.46,moderate,CreditCard,3138,Juhu,7.2,delivered,0
4071,1095,2420,2472,2025-04-12 06:48:00,0.08,low,CreditCard,3308,Bandra,5.7,delivered,0
4072,1438,2102,7876,2025-03-22 06:53:00,4.78,moderate,Wallet,3413,Vile Parle,28.4,delivered,0
4073,1464,2120,8658,2025-05-11 21:39:00,2.75,low,CreditCard,3352,Bandra,12.9,delivered,0
4074,1458,2191,2043,2025-03-14 20:07:00,3.72,moderate,UPI,3287,Vile Parle,22.4,delivered,0
4075,1246,2409,1872,2025-02-12 10:06:00,1.09,moderate,UPI,3066,Bandra,8.6,delivered,0
4076,1221,2470,4686,2025-03-12 23:51:00,2.14,moderate,Wallet,3460,BKC,15.8,delivered,0
4077,1123,2304,4632,2025-02-13 23:08:00,4.13,moderate,CreditCard,3347,BKC,19.6,delivered,0
4078,1187,2423,3178,2025-01-11 23:17:00,1.86,moderate,UPI,3325,BKC,11.6,delivered,0
4079,1262,2047,3049,2025-01-04 16:22:00,2.76,high,CreditCard,3421,Juhu,19.5,delivered,0
4080,1413,2222,5459,2025-05-15 21:24:00,4.68,moderate,CreditCard,3155,Colaba,23.3,delivered,0
4081,1273,2021,10024,2025-01-27 10:19:00,0.73,high,Wallet,3087,Fort,13.5,delivered,0
4082,1373,2158,8406,2025-04-02 15:40:00,0.2,moderate,UPI,3033,Powai,5.0,delivered,0
4083,1060,2348,4941,2025-05-13 20:44:00,2.28,moderate,CreditCard,3068,BKC,18.7,delivered,0
4084,1406,2159,7053,2025-04-10 23:09:00,0.19,low,DebitCard,3187,Colaba,10.3,delivered,0
4085,1408,2377,10573,2025-01-10 21:19:00,4.36,moderate,UPI,3192,Powai,34.3,delivered,0
4086,1125,2372,4976,2025-01-19 23:13:00,3.81,low,UPI,3213,Bandra,18.8,delivered,0
4087,1337,2410,1933,2025-01-30 05:43:00,6.4,high,NetBanking,3088,Andheri,57.5,delivered,0
4088,1341,2235,10729,2025-05-05 15:20:00,3.06,moderate,CreditCard,3428,Vile Parle,21.6,delivered,0
4089,1051,2150,3522,2025-03-03 15:31:00,0.21,high,CreditCard,3351,Colaba,7.9,delivered,0
4090,1178,2405,1955,2025-03-29 15:48:00,0.88,low,CreditCard,3108,Khar,11.6,delivered,0
4091,1139,2257,3382,2025-03-05 15:45:00,4.95,low,UPI,3240,Lower Parel,22.0,delivered,0
4092,1440,2165,8489,2025-01-08 07:34:00,0.55,high,NetBanking,3216,Colaba,11.6,delivered,0
4093,1327,2077,2595,2025-01-30 21:40:00,3.6,low,UPI,3177,BKC,9.1,delivered,0
4094,1170,2085,2145,2025-01-12 22:29:00,4.55,moderate,UPI,3053,BKC,21.8,delivered,0
4095,1039,2046,1957,2025-03-31 04:31:00,1.2,high,UPI,3330,Colaba,15.0,delivered,0
4096,1069,2393,3055,2025-03-01 18:27:00,1.17,moderate,UPI,3049,Vile Parle,12.5,delivered,0
4097,1236,2401,4709,2025-01-08 14:47:00,2.45,low,DebitCard,3369,Powai,16.9,delivered,0
4098,1048,2047,3831,2025-02-15 12:43:00,5.93,high,CreditCard,3114,Bandra,39.4,delivered,0
4099,1381,2213,4847,2025-01-07 00:20:00,0.76,low,NetBanking,3450,Lower Parel,5.0,delivered,0
4100,1057,2479,2199,2025-03-24 09:51:00,8.5,high,UPI,3095,Bandra,47.4,delivered,0
4101,1277,2487,4685,2025-04-01 05:09:00,2.74,low,CreditCard,3447,Juhu,15.3,delivered,0
4102,1338,2059,3226,2025-04-29 16:15:00,14.53,moderate,CreditCard,3025,Vile Parle,82.4,delivered,0
4103,1099,2054,11952,2025-05-10 19:14:00,0.28,low,DebitCard,3132,BKC,10.6,delivered,0
4104,1404,2342,4045,2025-04-08 16:48:00,0.41,moderate,CreditCard,3179,Juhu,5.0,delivered,0
4105,1015,2012,2100,2025-02-22 18:16:00,5.26,low,UPI,3395,Bandra,32.1,delivered,0
4106,1325,2192,18240,2025-05-05 20:50:00,6.0,moderate,UPI,3145,Bandra,36.9,delivered,0
4107,1461,2006,5138,2025-01-10 02:27:00,1.77,moderate,UPI,3364,Lower Parel,16.7,delivered,0
4108,1179,2309,3119,2025-05-14 15:56:00,3.76,low,CreditCard,3450,Fort,15.7,delivered,0
4109,1332,2144,10616,2025-03-07 09:42:00,6.06,moderate,Wallet,3198,Bandra,39.9,delivered,0
4110,1062,2346,4495,2025-03-05 17:47:00,0.13,moderate,UPI,3457,Powai,8.6,delivered,0
4111,1119,2261,6888,2025-01-12 01:54:00,2.56,low,UPI,3325,Powai,15.1,delivered,0
4112,1469,2073,2501,2025-01-12 18:23:00,5.76,low,UPI,3084,Colaba,31.7,delivered,0
4113,1037,2174,5149,2025-01-29 06:45:00,1.52,low,CreditCard,3157,Lower Parel,8.4,delivered,0
4114,1134,2232,36653,2025-02-01 13:14:00,1.08,low,UPI,3085,Lower Parel,8.0,delivered,0
4115,1455,2270,11372,2025-03-01 13:11:00,4.76,low,UPI,3457,BKC,21.0,delivered,0
4116,1026,2428,26713,2025-01-08 00:30:00,1.23,low,UPI,3476,Bandra,15.0,delivered,0
4117,1490,2447,2109,2025-01-12 10:22:00,0.01,moderate,CreditCard,3253,Fort,6.9,delivered,0
4118,1496,2362,4267,2025-02-25 00:32:00,9.62,moderate,CreditCard,3375,Khar,61.1,delivered,0
4119,1008,2222,5648,2025-05-09 13:53:00,2.69,low,CreditCard,3072,Juhu,14.1,delivered,0
4120,1457,2052,2844,2025-05-08 16:31:00,5.14,high,UPI,3223,Lower Parel,37.1,delivered,0
4121,1475,2116,19313,2025-02-16 05:27:00,5.23,high,CreditCard,3276,Colaba,32.1,delivered,0
4122,1004,2026,2106,2025-05-07 14:16:00,0.21,low,UPI,3283,Colaba,8.3,delivered,0
4123,1021,2053,2651,2025-03-30 11:45:00,0.56,low,UPI,3264,Bandra,5.0,delivered,0
4124,1415,2365,2549,2025-02-08 22:23:00,1.12,high,CreditCard,3246,Bandra,10.2,delivered,0
4125,1149,2029,4703,2025-03-20 17:54:00,1.16,moderate,UPI,3341,Khar,18.4,delivered,0
4126,1488,2019,2115,2025-02-08 08:40:00,3.23,low,CreditCard,3061,Andheri,13.2,delivered,0
4127,1025,2303,18265,2025-02-26 11:52:00,2.93,moderate,UPI,3412,Andheri,19.6,delivered,0
4128,1487,2392,6582,2025-04-14 10:20:00,2.05,moderate,UPI,3471,Bandra,11.0,delivered,0
4129,1143,2279,6517,2025-02-26 05:49:00,0.71,low,DebitCard,3454,Vile Parle,5.0,delivered,0
4130,1245,2117,4078,2025-01-16 10:22:00,1.44,moderate,CreditCard,3259,Powai,9.5,delivered,0
4131,1419,2106,3264,2025-02-25 09:54:00,2.35,moderate,CreditCard,3453,Powai,19.2,delivered,0
4132,1433,2419,2054,2025-02-14 09:24:00,1.89,moderate,DebitCard,3457,Khar,16.0,delivered,0
4133,1043,2479,2047,2025-03-11 08:14:00,0.41,high,CreditCard,3007,Khar,11.2,delivered,0
4134,1425,2309,3065,2025-02-24 12:33:00,3.15,low,CreditCard,3188,BKC,11.9,delivered,0
4135,1293,2227,2853,2025-02-07 22:49:00,0.23,moderate,CreditCard,3004,Fort,9.1,delivered,0
4136,1185,2352,8102,2025-03-13 12:26:00,1.43,low,UPI,3231,Colaba,5.0,delivered,0
4137,1042,2186,7007,2025-02-28 03:49:00,3.71,low,UPI,3133,Powai,19.6,delivered,0
4138,1431,2261,7240,2025-04-09 02:55:00,0.06,low,CreditCard,3395,Vile Parle,5.0,delivered,0
4139,1092,2016,2409,2025-05-05 11:18:00,2.53,low,UPI,3125,Bandra,8.7,delivered,0
4140,1317,2273,6044,2025-01-28 08:09:00,1.22,low,UPI,3015,Lower Parel,11.5,delivered,0
4141,1398,2160,4117,2025-03-01 23:39:00,0.03,low,UPI,3448,Vile Parle,5.0,delivered,0
4142,1324,2358,7936,2025-02-18 04:32:00,0.63,low,UPI,3482,BKC,8.9,delivered,0
4143,1053,2250,4822,2025-05-13 08:38:00,8.49,moderate,UPI,3013,Vile Parle,36.9,delivered,0
4144,1084,2224,1935,2025-01-09 19:01:00,2.21,low,UPI,3118,Lower Parel,12.9,delivered,0
4145,1034,2256,11371,2025-04-12 20:23:00,17.66,moderate,UPI,3240,Juhu,85.6,delivered,0
4146,1076,2180,30768,2025-02-19 19:18:00,2.23,low,UPI,3263,Andheri,11.8,delivered,0
4147,1353,2020,9289,2025-05-10 09:07:00,2.36,low,CreditCard,3360,Juhu,14.6,delivered,0
4148,1408,2112,2950,2025-01-06 12:50:00,1.49,low,UPI,3006,Colaba,11.2,delivered,0
4149,1404,2120,9141,2025-02-03 06:42:00,1.11,low,DebitCard,3440,Colaba,12.3,delivered,0
4150,1197,2194,80860,2025-01-22 08:35:00,0.87,moderate,DebitCard,3320,Powai,11.7,delivered,0
4151,1486,2468,2161,2025-03-25 23:26:00,1.26,low,CreditCard,3231,Lower Parel,6.0,delivered,0
4152,1286,2111,7438,2025-01-14 11:36:00,1.85,high,CreditCard,3434,Colaba,17.6,delivered,0
4153,1088,2210,19598,2025-01-10 11:52:00,0.64,high,UPI,3030,Khar,11.1,delivered,0
4154,1235,2001,3710,2025-03-30 23:45:00,0.76,low,UPI,3022,Powai,7.9,delivered,0
4155,1232,2058,15425,2025-05-04 15:48:00,0.95,moderate,NetBanking,3409,BKC,14.6,delivered,0
4156,1007,2093,5868,2025-02-21 10:55:00,1.79,low,UPI,3156,Powai,7.4,delivered,0
4157,1292,2221,8378,2025-01-01 01:04:00,3.17,moderate,NetBanking,3118,Juhu,15.1,delivered,0
4158,1038,2211,6915,2025-02-17 19:15:00,5.82,moderate,CreditCard,3340,Bandra,29.5,delivered,0
4159,1464,2428,26590,2025-04-05 22:31:00,1.02,low,UPI,3423,Khar,12.2,delivered,0
4160,1052,2232,35717,2025-04-09 16:47:00,0.61,low,CreditCard,3451,Khar,8.0,delivered,0
4161,1143,2262,2663,2025-05-13 03:32:00,1.43,low,CreditCard,3389,Fort,12.6,delivered,0
4162,1430,2364,5141,2025-03-02 19:54:00,6.74,low,UPI,3193,Khar,24.0,delivered,0
4163,1407,2103,9170,2025-04-22 10:59:00,0.03,moderate,UPI,3399,Khar,5.0,delivered,0
4164,1396,2050,2122,2025-03-23 04:36:00,3.4,low,CreditCard,3346,Juhu,19.5,delivered,0
4165,1221,2374,4076,2025-03-25 13:08:00,1.95,low,CreditCard,3195,Vile Parle,10.2,delivered,0
4166,1428,2110,7150,2025-02-27 07:16:00,0.53,moderate,UPI,3168,Khar,9.9,delivered,0
4167,1240,2456,5452,2025-02-14 21:46:00,1.16,moderate,UPI,3377,Bandra,13.3,delivered,0
4168,1143,2088,11840,2025-05-16 15:46:00,0.76,low,DebitCard,3489,Andheri,8.2,delivered,0
4169,1349,2020,9162,2025-03-24 03:34:00,6.31,moderate,CreditCard,3239,Juhu,28.2,delivered,0
4170,1493,2014,1947,2025-01-08 13:06:00,1.97,moderate,CreditCard,3362,Juhu,14.3,delivered,0
4171,1363,2133,5935,2025-01-03 16:49:00,2.48,moderate,Wallet,3482,Vile Parle,19.0,delivered,0
4172,1382,2425,2109,2025-03-24 01:54:00,2.7,moderate,UPI,3244,Fort,16.1,delivered,0
4173,1049,2296,16060,2025-03-28 14:34:00,3.06,moderate,CreditCard,3069,Vile Parle,19.6,delivered,0
4174,1277,2034,4713,2025-05-05 12:18:00,2.05,low,DebitCard,3095,Powai,12.9,delivered,0
4175,1271,2380,11846,2025-01-22 18:15:00,0.05,moderate,CreditCard,3499,Andheri,8.5,delivered,0
4176,1014,2208,2110,2025-02-05 02:27:00,1.22,high,UPI,3077,Colaba,11.0,delivered,0
4177,1298,2301,3428,2025-04-20 04:34:00,0.61,moderate,UPI,3171,BKC,6.2,delivered,0
4178,1492,2199,3043,2025-04-19 03:59:00,3.42,low,CreditCard,3001,Colaba,10.2,delivered,0
4179,1464,2080,5890,2025-03-10 13:56:00,0.18,low,UPI,3406,Fort,6.5,delivered,0
4180,1015,2071,3809,2025-01-08 15:15:00,2.49,high,NetBanking,3062,Fort,16.5,delivered,0
4181,1234,2155,1893,2025-05-11 06:00:00,0.71,low,UPI,3207,Khar,12.6,delivered,0
4182,1063,2078,6793,2025-01-02 19:51:00,8.92,low,UPI,3154,Vile Parle,38.8,delivered,0
4183,1196,2078,6442,2025-04-26 07:06:00,1.23,low,UPI,3274,Powai,13.4,delivered,0
4184,1027,2172,2729,2025-04-06 03:59:00,1.18,high,CreditCard,3048,Khar,13.9,delivered,0
4185,1471,2289,2137,2025-03-03 07:34:00,7.71,low,DebitCard,3137,Lower Parel,30.7,delivered,0
4186,1093,2033,6613,2025-03-02 14:38:00,1.62,low,CreditCard,3001,Powai,15.6,delivered,0
4187,1105,2300,15227,2025-02-14 18:31:00,9.88,moderate,NetBanking,3235,Fort,54.5,delivered,0
4188,1309,2276,2245,2025-01-26 18:36:00,0.07,low,UPI,3393,Fort,5.0,delivered,0
4189,1052,2367,4254,2025-03-05 23:16:00,1.1,high,UPI,3256,Juhu,8.0,delivered,0
4190,1319,2420,2252,2025-04-25 18:59:00,3.29,moderate,DebitCard,3407,Lower Parel,23.2,delivered,0
4191,1457,2007,4189,2025-04-03 08:54:00,6.65,moderate,DebitCard,3107,Khar,24.3,delivered,0
4192,1181,2160,4275,2025-02-03 02:24:00,0.89,high,DebitCard,3173,Fort,17.1,delivered,0
4193,1057,2240,21143,2025-04-21 12:21:00,8.0,high,CreditCard,3130,Lower Parel,55.2,delivered,0
4194,1120,2451,4861,2025-03-02 15:42:00,2.71,low,UPI,3398,Andheri,17.8,delivered,0
4195,1308,2423,3294,2025-01-11 00:07:00,4.84,low,UPI,3294,BKC,21.5,delivered,0
4196,1363,2477,7760,2025-03-21 02:46:00,1.52,moderate,NetBanking,3040,Vile Parle,13.0,delivered,0
4197,1043,2024,2245,2025-02-11 02:41:00,0.72,low,UPI,3447,Fort,13.9,delivered,0
4198,1135,2214,5313,2025-02-25 14:53:00,7.27,high,UPI,3338,Andheri,58.0,delivered,0
4199,1373,2070,2623,2025-05-09 18:20:00,8.12,high,CreditCard,3016,Powai,76.4,delivered,0
4200,1426,2368,8124,2025-01-13 09:58:00,2.06,low,UPI,3127,Vile Parle,15.7,delivered,0
4201,1260,2216,1957,2025-02-27 17:00:00,0.02,high,DebitCard,3373,Lower Parel,7.0,delivered,0
4202,1197,2104,2234,2025-02-24 14:29:00,0.35,low,UPI,3349,Vile Parle,8.7,delivered,0
4203,1133,2215,7759,2025-05-10 12:12:00,2.55,moderate,CreditCard,3492,Colaba,17.3,delivered,0
4204,1459,2054,12635,2025-01-30 23:28:00,0.07,low,CreditCard,3203,Juhu,7.3,delivered,0
4205,1255,2294,22460,2025-02-08 02:22:00,1.52,high,CreditCard,3134,Lower Parel,11.2,delivered,0
4206,1489,2330,3564,2025-01-20 10:44:00,1.08,moderate,CreditCard,3259,Andheri,14.5,delivered,0
4207,1220,2336,6484,2025-01-15 05:11:00,3.76,moderate,UPI,3014,Fort,27.4,delivered,0
4208,1336,2203,3111,2025-03-05 18:20:00,0.17,high,CreditCard,3066,Lower Parel,9.7,delivered,0
4209,1041,2288,3604,2025-05-13 19:19:00,2.01,moderate,CreditCard,3480,Bandra,14.1,delivered,0
4210,1478,2045,2132,2025-03-12 23:49:00,2.6,low,CreditCard,3351,Colaba,16.9,delivered,0
4211,1388,2317,6475,2025-02-15 08:28:00,2.88,high,UPI,3459,Andheri,22.6,delivered,0
4212,1255,2198,7934,2025-02-28 07:29:00,1.56,moderate,UPI,3342,Powai,18.2,delivered,0
4213,1002,2216,2177,2025-01-11 02:48:00,1.09,high,UPI,3195,Bandra,7.1,delivered,0
4214,1494,2481,12687,2025-01-07 13:46:00,3.44,high,CreditCard,3114,Lower Parel,29.2,delivered,0
4215,1195,2309,2942,2025-02-09 19:24:00,5.64,low,UPI,3159,Juhu,25.4,delivered,0
4216,1242,2384,3441,2025-03-12 23:28:00,3.55,low,DebitCard,3161,Bandra,21.2,delivered,0
4217,1149,2435,13729,2025-04-12 18:19:00,8.07,low,CreditCard,3254,Vile Parle,42.6,delivered,0
4218,1198,2332,3054,2025-02-22 17:55:00,3.79,moderate,CreditCard,3472,Lower Parel,18.9,delivered,0
4219,1299,2184,7406,2025-05-08 19:00:00,4.34,low,DebitCard,3385,Andheri,18.1,delivered,0
4220,1245,2027,2126,2025-04-13 14:28:00,0.55,moderate,UPI,3428,Lower Parel,7.3,delivered,0
4221,1338,2166,2970,2025-03-07 19:51:00,1.63,low,DebitCard,3015,Juhu,10.5,delivered,0
4222,1108,2318,3339,2025-04-23 21:46:00,1.99,low,CreditCard,3037,BKC,7.3,delivered,0
4223,1453,2274,2063,2025-03-17 11:58:00,0.89,low,DebitCard,3155,Vile Parle,5.0,delivered,0
4224,1393,2383,4205,2025-01-16 17:30:00,2.26,low,DebitCard,3486,Fort,19.4,delivered,0
4225,1212,2365,2536,2025-03-03 07:30:00,1.03,moderate,UPI,3432,Lower Parel,7.9,delivered,0
4226,1156,2103,8520,2025-02-23 23:01:00,3.49,low,UPI,3027,Juhu,19.1,delivered,0
4227,1026,2448,17866,2025-01-08 10:03:00,1.91,low,CreditCard,3492,Bandra,12.2,delivered,0
4228,1082,2333,4251,2025-05-13 13:31:00,1.84,low,CreditCard,3012,Bandra,12.2,delivered,0
4229,1083,2373,7320,2025-02-26 05:38:00,12.34,moderate,UPI,3067,Andheri,73.5,delivered,0
4230,1131,2104,2354,2025-01-04 09:00:00,1.49,moderate,UPI,3030,Vile Parle,9.4,delivered,0
4231,1329,2414,2178,2025-04-04 14:41:00,1.35,low,UPI,3096,Bandra,13.1,delivered,0
4232,1100,2245,1974,2025-01-22 18:31:00,1.15,moderate,CreditCard,3215,Fort,13.6,delivered,0
4233,1256,2305,5965,2025-02-13 13:44:00,6.75,low,Wallet,3194,BKC,32.5,delivered,0
4234,1479,2169,3951,2025-04-18 22:18:00,2.06,low,CreditCard,3135,BKC,8.1,delivered,0
4235,1049,2116,21798,2025-03-25 11:18:00,2.75,moderate,UPI,3290,Andheri,13.1,delivered,0
4236,1401,2141,5985,2025-02-21 11:55:00,0.6,low,UPI,3032,Lower Parel,6.9,delivered,0
4237,1063,2418,6653,2025-03-26 08:09:00,2.34,moderate,UPI,3373,Bandra,17.4,delivered,0
4238,1311,2356,2142,2025-02-23 06:20:00,0.96,low,CreditCard,3039,Juhu,7.7,delivered,0
4239,1407,2478,6972,2025-01-05 19:55:00,3.94,high,DebitCard,3352,Powai,25.4,delivered,0
4240,1290,2125,2222,2025-05-17 14:34:00,5.36,low,UPI,3427,BKC,17.7,delivered,0
4241,1105,2025,5212,2025-05-02 18:45:00,3.76,moderate,CreditCard,3427,Khar,24.0,delivered,0
4242,1105,2194,83695,2025-05-14 14:48:00,3.93,high,DebitCard,3206,Andheri,49.4,delivered,0
4243,1325,2384,3122,2025-01-16 01:02:00,2.16,low,NetBanking,3387,Lower Parel,10.6,delivered,0
4244,1015,2100,5964,2025-01-05 10:48:00,3.74,moderate,UPI,3430,Colaba,25.0,delivered,0
4245,1175,2402,6475,2025-04-30 01:55:00,1.65,low,UPI,3416,Andheri,13.8,delivered,0
4246,1259,2005,3816,2025-01-01 20:25:00,3.16,moderate,UPI,3043,Juhu,24.3,delivered,0
4247,1211,2019,2244,2025-04-10 11:48:00,0.9,low,CreditCard,3484,Powai,8.3,delivered,0
4248,1412,2170,13074,2025-04-12 16:44:00,0.22,low,Wallet,3337,Khar,9.1,delivered,0
4249,1259,2274,2260,2025-01-12 23:59:00,1.6,moderate,UPI,3496,BKC,8.8,delivered,0
4250,1102,2254,2126,2025-03-18 16:01:00,1.86,low,UPI,3259,Vile Parle,7.7,delivered,0
4251,1260,2121,2404,2025-05-09 16:32:00,0.89,moderate,DebitCard,3249,Khar,9.8,delivered,0
4252,1344,2032,3807,2025-03-06 04:04:00,3.9,low,CreditCard,3074,BKC,21.4,delivered,0
4253,1159,2149,2028,2025-04-28 12:59:00,0.23,low,Wallet,3373,Colaba,8.9,delivered,0
4254,1045,2266,1994,2025-02-03 16:01:00,0.76,moderate,UPI,3319,Colaba,8.4,delivered,0
4255,1443,2037,14564,2025-04-21 19:07:00,4.14,moderate,UPI,3367,BKC,17.3,delivered,0
4256,1301,2177,7112,2025-01-31 22:32:00,1.72,low,UPI,3296,Vile Parle,15.5,delivered,0
4257,1251,2342,4218,2025-05-19 05:21:00,3.67,low,UPI,3274,Andheri,22.7,delivered,0
4258,1331,2013,2158,2025-04-06 18:50:00,2.51,low,CreditCard,3323,Vile Parle,13.7,delivered,0
4259,1165,2183,2081,2025-02-21 17:14:00,9.03,low,UPI,3359,Bandra,38.7,delivered,0
4260,1193,2145,9272,2025-01-18 11:28:00,2.73,low,UPI,3190,BKC,9.6,delivered,0
4261,1009,2265,5835,2025-01-23 06:59:00,0.04,low,DebitCard,3138,BKC,5.0,delivered,0
4262,1401,2088,13589,2025-02-12 16:15:00,1.31,moderate,UPI,3436,Vile Parle,14.1,delivered,0
4263,1374,2428,27603,2025-02-07 16:00:00,0.46,moderate,CreditCard,3457,Fort,9.5,delivered,0
4264,1065,2462,14728,2025-02-21 22:36:00,7.76,low,UPI,3302,Fort,32.3,delivered,0
4265,1387,2046,2287,2025-02-07 21:52:00,0.33,low,DebitCard,3311,Juhu,11.2,delivered,0
4266,1495,2392,6517,2025-03-26 20:21:00,1.47,low,UPI,3430,Fort,6.2,delivered,0
4267,1282,2119,2070,2025-05-04 23:30:00,0.77,moderate,CreditCard,3331,Colaba,10.5,delivered,0
4268,1181,2421,2036,2025-03-12 13:31:00,5.63,high,UPI,3444,Bandra,37.8,delivered,0
4269,1415,2019,1866,2025-02-10 07:26:00,1.11,moderate,UPI,3353,BKC,12.5,delivered,0
4270,1282,2447,2042,2025-01-12 10:48:00,14.45,moderate,CreditCard,3484,Khar,48.8,delivered,0
4271,1279,2220,3472,2025-05-12 21:13:00,0.12,moderate,UPI,3282,Colaba,10.9,delivered,0
4272,1030,2430,6515,2025-03-24 07:21:00,0.41,low,UPI,3411,Juhu,5.0,delivered,0
4273,1266,2233,2181,2025-04-02 07:07:00,0.76,low,DebitCard,3166,Powai,5.6,delivered,0
4274,1328,2094,2175,2025-05-08 14:21:00,5.0,moderate,DebitCard,3278,Bandra,34.2,delivered,0
4275,1492,2455,8982,2025-04-09 13:17:00,6.32,low,UPI,3026,Fort,24.6,delivered,0
4276,1217,2251,2637,2025-04-27 01:31:00,0.22,moderate,UPI,3470,Lower Parel,5.0,delivered,0
4277,1320,2250,4668,2025-01-13 18:34:00,0.1,moderate,UPI,3453,Andheri,7.7,delivered,0
4278,1406,2282,8050,2025-03-07 06:33:00,4.09,moderate,UPI,3419,Khar,31.4,delivered,0
4279,1399,2232,33208,2025-05-03 21:38:00,0.43,low,Wallet,3450,BKC,7.0,delivered,0
4280,1379,2046,2002,2025-02-11 04:52:00,0.43,moderate,CreditCard,3483,Powai,9.5,delivered,0
4281,1105,2374,4210,2025-04-27 22:17:00,0.07,moderate,CreditCard,3073,Andheri,5.3,delivered,0
4282,1184,2046,2000,2025-01-30 14:28:00,0.15,moderate,Wallet,3115,Vile Parle,10.2,delivered,0
4283,1330,2459,36410,2025-01-15 19:52:00,0.92,moderate,CreditCard,3051,Vile Parle,15.5,delivered,0
4284,1148,2014,1990,2025-02-27 14:51:00,0.2,high,CreditCard,3369,Bandra,11.2,delivered,0
4285,1105,2085,2158,2025-02-06 02:33:00,1.38,low,UPI,3402,Bandra,6.8,delivered,0
4286,1047,2319,18089,2025-04-29 08:58:00,5.37,low,UPI,3171,Bandra,25.9,delivered,0
4287,1087,2328,4200,2025-03-13 13:07:00,1.19,low,CreditCard,3268,Colaba,10.6,delivered,0
4288,1309,2003,3511,2025-05-11 08:16:00,3.9,low,UPI,3003,Colaba,16.1,delivered,0
4289,1437,2028,3511,2025-05-11 15:37:00,0.3,high,UPI,3210,Vile Parle,10.8,delivered,0
4290,1129,2381,2487,2025-03-25 11:32:00,3.23,high,UPI,3376,Bandra,30.4,delivered,0
4291,1258,2157,12493,2025-01-06 22:19:00,1.14,low,UPI,3486,Khar,13.2,delivered,0
4292,1314,2343,4836,2025-04-02 21:35:00,4.16,low,CreditCard,3391,Juhu,20.8,delivered,0
4293,1147,2402,7391,2025-04-11 06:17:00,0.44,low,CreditCard,3481,Bandra,5.0,delivered,0
4294,1446,2419,2246,2025-02-07 08:57:00,6.84,moderate,UPI,3390,BKC,40.7,delivered,0
4295,1462,2333,4309,2025-04-18 23:10:00,0.83,low,UPI,3338,Khar,6.3,delivered,0
4296,1072,2332,3048,2025-02-04 02:27:00,1.31,low,CreditCard,3301,BKC,12.4,delivered,0
4297,1486,2175,10440,2025-04-24 08:24:00,9.0,low,UPI,3383,Lower Parel,38.9,delivered,0
4298,1140,2114,24473,2025-04-23 06:56:00,2.59,low,CreditCard,3342,Vile Parle,14.7,delivered,0
4299,1410,2389,6457,2025-03-31 18:00:00,1.37,high,CreditCard,3115,Bandra,14.3,delivered,0
4300,1027,2487,4288,2025-03-11 04:55:00,8.96,low,UPI,3167,Fort,38.3,delivered,0
4301,1029,2331,1989,2025-02-08 23:32:00,1.2,low,CreditCard,3435,Andheri,6.3,delivered,0
4302,1271,2250,4964,2025-03-29 07:01:00,0.3,low,CreditCard,3265,Bandra,8.8,delivered,0
4303,1174,2059,3364,2025-03-15 06:14:00,17.28,moderate,UPI,3227,Juhu,72.1,delivered,0
4304,1253,2203,3217,2025-02-06 18:59:00,0.94,moderate,UPI,3151,Lower Parel,16.3,delivered,0
4305,1385,2315,10088,2025-02-10 06:53:00,5.72,low,Wallet,3268,Bandra,21.5,delivered,0
4306,1060,2239,4059,2025-02-14 07:17:00,0.54,low,UPI,3116,Andheri,9.8,delivered,0
4307,1107,2234,2237,2025-02-05 23:18:00,3.94,moderate,DebitCard,3088,Andheri,22.0,delivered,0
4308,1220,2303,18412,2025-04-13 14:02:00,2.23,low,CreditCard,3318,Colaba,9.9,delivered,0
4309,1441,2095,2367,2025-04-20 02:06:00,11.88,moderate,UPI,3242,Juhu,70.2,delivered,0
4310,1259,2479,2097,2025-02-23 01:41:00,2.41,low,UPI,3360,Juhu,16.8,delivered,0
4311,1371,2141,5968,2025-01-06 03:54:00,0.08,low,CreditCard,3329,Khar,6.7,delivered,0
4312,1146,2334,12413,2025-01-21 20:28:00,2.78,moderate,UPI,3333,Fort,18.7,delivered,0
4313,1052,2113,4546,2025-02-16 05:18:00,0.47,moderate,CreditCard,3040,Juhu,5.9,delivered,0
4314,1060,2109,9357,2025-01-17 21:31:00,4.81,moderate,NetBanking,3182,Lower Parel,30.5,delivered,0
4315,1034,2362,4663,2025-02-16 22:13:00,5.83,low,DebitCard,3490,Fort,23.9,delivered,0
4316,1096,2345,15557,2025-03-31 21:53:00,1.97,moderate,UPI,3209,Colaba,11.5,delivered,0
4317,1477,2289,2121,2025-05-04 04:38:00,4.59,moderate,DebitCard,3391,Juhu,22.3,delivered,0
4318,1089,2097,7997,2025-02-27 14:59:00,0.47,moderate,DebitCard,3273,Colaba,5.8,delivered,0
4319,1316,2446,2071,2025-01-03 20:43:00,2.03,moderate,NetBanking,3119,Andheri,13.4,delivered,0
4320,1410,2335,6173,2025-01-12 12:43:00,1.5,low,CreditCard,3382,Bandra,5.7,delivered,0
4321,1231,2016,2337,2025-02-15 19:01:00,2.83,moderate,CreditCard,3434,Juhu,9.6,delivered,0
4322,1456,2044,13638,2025-01-30 13:57:00,0.14,moderate,CreditCard,3024,Andheri,11.8,delivered,0
4323,1275,2442,2048,2025-05-15 22:30:00,4.18,low,UPI,3258,Bandra,22.1,delivered,0
4324,1246,2376,3178,2025-02-28 11:58:00,0.25,moderate,Wallet,3483,Bandra,5.0,delivered,0
4325,1111,2230,3092,2025-05-01 16:31:00,3.21,low,UPI,3092,Andheri,16.9,delivered,0
4326,1234,2390,25794,2025-01-29 23:51:00,0.06,low,UPI,3467,BKC,11.5,delivered,0
4327,1278,2108,15988,2025-03-29 19:42:00,5.35,high,DebitCard,3161,Fort,43.3,delivered,0
4328,1477,2217,9127,2025-03-02 09:38:00,0.58,low,UPI,3149,BKC,5.0,delivered,0
4329,1417,2399,2650,2025-01-13 06:53:00,2.17,low,DebitCard,3117,Vile Parle,13.0,delivered,0
4330,1166,2260,4649,2025-04-28 04:49:00,0.91,moderate,CreditCard,3458,Powai,18.0,delivered,0
4331,1128,2312,2177,2025-03-07 15:24:00,3.85,high,UPI,3053,Bandra,25.7,delivered,0
4332,1237,2320,4107,2025-03-09 23:09:00,1.16,high,UPI,3302,Khar,10.6,delivered,0
4333,1494,2196,6414,2025-04-22 20:24:00,3.87,moderate,CreditCard,3045,Fort,22.8,delivered,0
4334,1291,2478,6479,2025-02-14 07:45:00,1.01,low,CreditCard,3265,Bandra,6.9,delivered,0
4335,1107,2418,7750,2025-04-08 15:14:00,4.19,high,NetBanking,3486,Lower Parel,53.7,delivered,0
4336,1128,2475,3710,2025-04-01 14:35:00,0.09,moderate,DebitCard,3262,Khar,5.9,delivered,0
4337,1195,2095,2434,2025-02-01 12:46:00,1.0,low,UPI,3307,Vile Parle,12.9,delivered,0
4338,1339,2056,21134,2025-04-10 10:33:00,2.07,moderate,UPI,3234,Vile Parle,15.0,delivered,0
4339,1394,2032,3668,2025-03-27 16:11:00,0.14,low,NetBanking,3375,Lower Parel,5.0,delivered,0
4340,1475,2492,29999,2025-04-11 21:31:00,0.62,low,CreditCard,3035,Andheri,6.9,delivered,0
4341,1143,2231,4949,2025-01-02 02:57:00,8.18,moderate,UPI,3338,Fort,41.3,delivered,0
4342,1395,2372,5333,2025-01-30 20:56:00,11.3,moderate,DebitCard,3437,Colaba,36.7,delivered,0
4343,1111,2009,6096,2025-05-07 05:04:00,4.04,low,DebitCard,3403,Fort,20.1,delivered,0
4344,1090,2191,2017,2025-01-17 20:36:00,0.87,low,CreditCard,3197,Khar,8.2,delivered,0
4345,1251,2361,6364,2025-02-20 04:00:00,0.91,moderate,UPI,3025,BKC,9.2,delivered,0
4346,1280,2200,31484,2025-03-15 19:32:00,3.11,low,CreditCard,3395,Colaba,18.7,delivered,0
4347,1333,2334,10845,2025-05-10 17:27:00,0.38,low,CreditCard,3202,Vile Parle,9.9,delivered,0
4348,1224,2161,2118,2025-01-13 11:19:00,8.89,moderate,DebitCard,3273,Vile Parle,55.7,delivered,0
4349,1101,2087,14049,2025-01-20 19:22:00,0.76,high,Wallet,3036,Andheri,12.7,delivered,0
4350,1132,2021,10390,2025-05-10 23:19:00,23.75,moderate,CreditCard,3474,Powai,112.9,delivered,0
4351,1013,2311,5385,2025-04-08 22:25:00,2.05,moderate,CreditCard,3223,Fort,18.9,delivered,0
4352,1457,2076,3512,2025-01-19 10:47:00,4.43,moderate,Wallet,3352,Andheri,18.3,delivered,0
4353,1441,2441,5049,2025-05-14 01:15:00,0.01,moderate,UPI,3277,Khar,9.0,delivered,0
4354,1497,2386,4043,2025-02-13 13:08:00,6.59,low,UPI,3018,Colaba,28.8,delivered,0
4355,1098,2141,6149,2025-03-29 15:26:00,0.94,high,DebitCard,3188,Lower Parel,14.6,delivered,0
4356,1120,2126,1861,2025-01-16 16:00:00,3.31,low,UPI,3402,Bandra,18.2,delivered,0
4357,1293,2251,2768,2025-02-10 13:10:00,4.93,low,UPI,3257,BKC,25.9,delivered,0
4358,1304,2388,4892,2025-03-29 08:12:00,0.54,low,UPI,3142,Khar,12.7,delivered,0
4359,1199,2084,1923,2025-05-19 08:21:00,1.75,moderate,UPI,3136,Bandra,17.9,delivered,0
4360,1001,2434,5037,2025-04-27 11:32:00,2.04,low,UPI,3450,Fort,14.3,delivered,0
4361,1060,2371,4995,2025-02-01 07:44:00,1.12,low,UPI,3307,Lower Parel,10.6,delivered,0
4362,1250,2048,15300,2025-02-10 03:25:00,1.97,moderate,Wallet,3079,Vile Parle,11.8,delivered,0
4363,1140,2379,3736,2025-01-18 00:16:00,1.15,high,CreditCard,3444,Andheri,12.4,delivered,0
4364,1149,2078,6834,2025-03-05 08:57:00,1.34,moderate,CreditCard,3418,Colaba,12.0,delivered,0
4365,1395,2030,3346,2025-01-03 10:35:00,3.32,low,UPI,3292,Andheri,18.0,delivered,0
4366,1044,2285,4303,2025-01-04 02:14:00,3.0,low,CreditCard,3062,Colaba,9.9,delivered,0
4367,1371,2136,4015,2025-01-16 21:13:00,0.79,moderate,CreditCard,3129,Powai,6.3,delivered,0
4368,1186,2140,1963,2025-02-21 08:00:00,6.83,low,CreditCard,3499,Powai,32.7,delivered,0
4369,1108,2041,7707,2025-01-10 12:47:00,5.96,moderate,UPI,3341,Andheri,32.3,delivered,0
4370,1044,2486,1889,2025-03-31 03:36:00,2.13,low,UPI,3298,Colaba,17.7,delivered,0
4371,1078,2282,8648,2025-02-17 23:10:00,1.7,high,DebitCard,3257,Colaba,21.1,delivered,0
4372,1226,2050,2279,2025-03-10 18:59:00,1.42,moderate,CreditCard,3480,Bandra,14.0,delivered,0
4373,1162,2258,10708,2025-03-28 12:04:00,3.69,low,CreditCard,3212,Andheri,12.9,delivered,0
4374,1281,2311,5374,2025-03-23 09:33:00,3.34,high,CreditCard,3054,Juhu,22.9,delivered,0
4375,1253,2360,3276,2025-05-06 17:31:00,0.66,low,UPI,3175,Fort,5.7,delivered,0
4376,1132,2440,5869,2025-01-18 16:25:00,3.34,low,CreditCard,3100,Vile Parle,16.1,delivered,0
4377,1448,2270,12793,2025-05-09 10:52:00,0.87,moderate,UPI,3039,Powai,6.5,delivered,0
4378,1372,2134,3810,2025-02-11 12:39:00,0.06,low,CreditCard,3414,Juhu,5.0,delivered,0
4379,1375,2234,1992,2025-03-08 18:09:00,3.6,low,Wallet,3263,Powai,16.9,delivered,0
4380,1474,2128,4915,2025-04-16 20:02:00,3.11,low,CreditCard,3150,Lower Parel,21.1,delivered,0
4381,1144,2104,2409,2025-04-07 18:54:00,1.59,low,UPI,3121,Powai,10.1,delivered,0
4382,1266,2254,2094,2025-03-16 12:08:00,2.24,low,UPI,3178,Khar,6.4,delivered,0
4383,1109,2095,2403,2025-01-09 22:35:00,8.82,moderate,CreditCard,3301,Powai,52.5,delivered,0
4384,1194,2337,1934,2025-01-19 21:39:00,2.71,moderate,DebitCard,3330,Bandra,22.8,delivered,0
4385,1035,2217,8974,2025-01-26 03:02:00,3.22,low,CreditCard,3120,Juhu,18.5,delivered,0
4386,1467,2061,1934,2025-05-01 09:01:00,0.2,low,CreditCard,3072,Lower Parel,9.2,delivered,0
4387,1390,2480,1935,2025-02-25 09:41:00,0.54,high,UPI,3219,Colaba,7.9,delivered,0
4388,1275,2268,17907,2025-01-05 11:37:00,1.07,high,CreditCard,3394,Colaba,17.6,delivered,0
4389,1187,2241,10802,2025-04-06 17:01:00,2.33,moderate,CreditCard,3398,Lower Parel,15.8,delivered,0
4390,1437,2013,1978,2025-01-23 23:04:00,4.5,moderate,Wallet,3302,BKC,28.1,delivered,0
4391,1500,2147,6641,2025-04-08 20:13:00,1.16,moderate,UPI,3123,Andheri,5.8,delivered,0
4392,1243,2428,25865,2025-03-22 00:56:00,1.32,low,CreditCard,3244,BKC,8.5,delivered,0
4393,1264,2240,21097,2025-03-10 06:17:00,0.89,low,UPI,3374,Juhu,9.4,delivered,0
4394,1462,2089,5977,2025-04-07 08:16:00,0.88,low,CreditCard,3075,Powai,7.2,delivered,0
4395,1010,2095,2173,2025-04-22 08:33:00,8.92,moderate,DebitCard,3006,Colaba,36.5,delivered,0
4396,1451,2315,12281,2025-04-24 02:53:00,3.03,moderate,UPI,3021,Bandra,20.3,delivered,0
4397,1166,2293,2562,2025-04-19 03:19:00,0.51,moderate,UPI,3190,BKC,7.5,delivered,0
4398,1029,2025,5387,2025-02-18 13:18:00,3.84,low,CreditCard,3225,Powai,17.3,delivered,0
4399,1271,2272,9668,2025-03-04 14:59:00,3.84,moderate,CreditCard,3403,Vile Parle,27.8,delivered,0
4400,1087,2166,2961,2025-02-22 01:04:00,3.29,moderate,UPI,3103,Andheri,17.5,delivered,0
4401,1023,2427,8538,2025-03-03 21:42:00,0.43,high,UPI,3344,Lower Parel,9.9,delivered,0
4402,1210,2497,6299,2025-01-20 04:03:00,1.57,low,CreditCard,3466,Powai,14.0,delivered,0
4403,1046,2250,4840,2025-02-02 06:18:00,0.34,moderate,NetBanking,3099,Andheri,5.0,delivered,0
4404,1467,2087,13816,2025-02-19 00:45:00,5.09,low,UPI,3500,Andheri,26.5,delivered,0
4405,1028,2142,9748,2025-01-14 15:03:00,3.19,moderate,DebitCard,3318,Colaba,29.5,delivered,0
4406,1026,2134,3703,2025-01-31 20:40:00,2.12,moderate,UPI,3363,Colaba,15.4,delivered,0
4407,1266,2473,4251,2025-02-27 05:47:00,1.26,low,UPI,3485,Juhu,12.1,delivered,0
4408,1175,2279,5929,2025-04-07 08:56:00,0.61,moderate,UPI,3083,Vile Parle,7.2,delivered,0
4409,1004,2126,2060,2025-03-07 03:46:00,0.34,low,DebitCard,3181,Lower Parel,7.3,delivered,0
4410,1311,2316,5183,2025-01-20 01:40:00,10.44,moderate,UPI,3152,Andheri,60.0,delivered,0
4411,1322,2491,6836,2025-03-18 15:33:00,0.67,low,CreditCard,3056,Juhu,5.0,delivered,0
4412,1067,2396,3222,2025-04-06 13:57:00,0.19,moderate,CreditCard,3190,Khar,6.3,delivered,0
4413,1135,2141,5939,2025-01-04 09:10:00,9.78,high,Wallet,3418,BKC,61.8,delivered,0
4414,1055,2356,1984,2025-01-14 03:09:00,2.39,low,DebitCard,3022,Fort,13.6,delivered,0
4415,1464,2103,8340,2025-01-07 07:57:00,4.78,moderate,CreditCard,3068,Andheri,36.2,delivered,0
4416,1031,2226,4641,2025-02-16 20:34:00,0.13,moderate,DebitCard,3185,Juhu,7.9,delivered,0
4417,1074,2390,24850,2025-03-07 05:26:00,2.51,low,CreditCard,3010,Vile Parle,12.4,delivered,0
4418,1019,2063,8288,2025-05-02 19:14:00,1.52,moderate,DebitCard,3066,Colaba,16.6,delivered,0
4419,1156,2294,23225,2025-03-30 12:23:00,4.43,moderate,UPI,3264,Andheri,20.6,delivered,0
4420,1337,2384,3282,2025-03-12 12:16:00,0.12,high,UPI,3225,Andheri,10.5,delivered,0
4421,1156,2306,15884,2025-01-14 23:28:00,1.54,high,CreditCard,3123,Powai,12.7,delivered,0
4422,1147,2254,2014,2025-02-17 22:01:00,4.81,moderate,UPI,3038,Vile Parle,25.8,delivered,0
4423,1485,2180,29680,2025-01-01 07:20:00,2.22,moderate,UPI,3491,Lower Parel,15.8,delivered,0
4424,1087,2040,14094,2025-05-14 08:27:00,2.4,moderate,CreditCard,3123,Colaba,11.5,delivered,0
4425,1020,2264,7586,2025-05-06 11:25:00,0.31,moderate,UPI,3318,Andheri,5.0,delivered,0
4426,1269,2189,17484,2025-03-27 18:11:00,0.43,low,CreditCard,3156,BKC,5.0,delivered,0
4427,1333,2008,4218,2025-04-10 02:55:00,3.39,low,UPI,3394,Colaba,10.7,delivered,0
4428,1043,2104,2378,2025-04-15 14:19:00,3.37,moderate,Wallet,3301,BKC,20.0,delivered,0
4429,1395,2225,6619,2025-02-26 17:02:00,11.6,moderate,NetBanking,3321,Fort,70.2,delivered,0
4430,1432,2034,4160,2025-01-01 00:05:00,3.73,moderate,NetBanking,3482,Lower Parel,29.3,delivered,0
4431,1399,2236,2697,2025-01-05 21:18:00,2.04,low,UPI,3067,Fort,12.5,delivered,0
4432,1401,2463,6572,2025-01-05 10:54:00,5.84,high,CreditCard,3393,Andheri,41.1,delivered,0
4433,1438,2228,3371,2025-02-18 06:26:00,0.33,low,Wallet,3133,Powai,12.7,delivered,0
4434,1306,2188,8198,2025-02-23 04:26:00,1.79,moderate,NetBanking,3362,Lower Parel,15.0,delivered,0
4435,1028,2313,2499,2025-04-03 19:58:00,1.02,low,CreditCard,3394,Powai,7.6,delivered,0
4436,1467,2483,3027,2025-01-12 10:42:00,0.33,low,UPI,3140,Juhu,5.4,delivered,0
4437,1260,2430,6075,2025-01-24 13:48:00,4.33,moderate,CreditCard,3082,Khar,24.8,delivered,0
4438,1022,2022,2120,2025-03-04 11:47:00,2.14,high,CreditCard,3058,Vile Parle,19.6,delivered,0
4439,1470,2343,4833,2025-01-15 11:55:00,2.44,low,UPI,3149,Juhu,10.0,delivered,0
4440,1375,2040,13953,2025-01-10 01:37:00,1.59,low,CreditCard,3405,Fort,10.6,delivered,0
4441,1101,2173,26808,2025-01-23 12:00:00,1.85,low,DebitCard,3449,BKC,15.7,delivered,0
4442,1039,2439,8140,2025-02-17 15:27:00,0.37,low,CreditCard,3131,Fort,8.6,delivered,0
4443,1290,2179,2330,2025-03-02 19:21:00,3.35,low,CreditCard,3069,Lower Parel,11.7,delivered,0
4444,1353,2086,2654,2025-01-20 02:23:00,1.7,moderate,CreditCard,3345,Lower Parel,16.9,delivered,0
4445,1300,2133,5995,2025-04-18 12:37:00,5.09,high,Wallet,3250,Fort,35.9,delivered,0
4446,1170,2351,4742,2025-03-12 04:56:00,0.66,low,CreditCard,3320,Andheri,8.0,delivered,0
4447,1296,2013,2137,2025-02-02 08:52:00,0.69,moderate,CreditCard,3177,Fort,5.0,delivered,0
4448,1353,2028,3862,2025-03-10 06:38:00,3.11,low,CreditCard,3072,Lower Parel,15.2,delivered,0
4449,1396,2084,2015,2025-02-28 13:35:00,5.61,low,CreditCard,3017,Lower Parel,23.0,delivered,0
4450,1130,2481,10222,2025-03-12 03:09:00,1.92,low,CreditCard,3329,Colaba,10.1,delivered,0
4451,1156,2464,6353,2025-03-06 14:12:00,3.89,moderate,CreditCard,3160,Bandra,24.1,delivered,0
4452,1074,2318,4032,2025-02-26 18:28:00,21.92,low,CreditCard,3070,Powai,111.3,delivered,0
4453,1342,2349,6267,2025-04-08 13:40:00,13.9,low,CreditCard,3113,Juhu,51.8,delivered,0
4454,1465,2343,5067,2025-04-23 20:11:00,4.09,low,UPI,3232,Fort,14.0,delivered,0
4455,1090,2280,2085,2025-02-15 06:35:00,4.04,low,UPI,3021,Colaba,25.5,delivered,0
4456,1067,2354,7040,2025-03-04 09:26:00,0.85,low,UPI,3135,Andheri,9.7,delivered,0
4457,1455,2263,5673,2025-03-13 02:44:00,5.38,high,DebitCard,3263,Lower Parel,38.6,delivered,0
4458,1236,2166,3120,2025-01-28 04:22:00,1.56,moderate,UPI,3111,Fort,14.7,delivered,0
4459,1200,2293,2622,2025-02-19 16:20:00,9.81,high,UPI,3487,Lower Parel,79.2,delivered,0
4460,1468,2068,2091,2025-04-28 14:41:00,0.25,low,UPI,3246,BKC,9.8,delivered,0
4461,1332,2226,4250,2025-02-23 10:28:00,1.72,low,CreditCard,3283,Colaba,9.0,delivered,0
4462,1227,2170,14544,2025-02-10 22:31:00,2.43,low,UPI,3008,Fort,17.8,delivered,0
4463,1465,2086,2754,2025-01-09 03:55:00,1.56,low,CreditCard,3457,BKC,14.5,delivered,0
4464,1348,2133,6161,2025-03-23 22:25:00,0.71,moderate,UPI,3284,Khar,6.2,delivered,0
4465,1233,2448,17847,2025-02-28 17:13:00,2.7,low,DebitCard,3207,Colaba,13.1,delivered,0
4466,1266,2178,6461,2025-04-04 17:22:00,4.23,low,Wallet,3194,Fort,25.4,delivered,0
4467,1086,2490,4466,2025-03-07 12:56:00,3.11,moderate,Wallet,3455,Fort,20.3,delivered,0
4468,1102,2343,4917,2025-01-12 22:15:00,0.8,low,UPI,3047,Vile Parle,5.4,delivered,0
4469,1441,2252,5401,2025-02-15 14:47:00,3.95,high,CreditCard,3466,Colaba,35.1,delivered,0
4470,1481,2015,5578,2025-03-01 00:23:00,0.89,low,CreditCard,3342,Colaba,10.6,delivered,0
4471,1214,2223,2009,2025-04-18 21:20:00,0.58,moderate,UPI,3242,Lower Parel,11.0,delivered,0
4472,1108,2379,4136,2025-02-02 09:09:00,3.52,low,UPI,3010,Fort,11.6,delivered,0
4473,1165,2201,2492,2025-03-23 02:19:00,5.55,high,UPI,3370,Powai,37.4,delivered,0
4474,1461,2107,12829,2025-05-05 05:12:00,1.97,low,CreditCard,3289,Powai,17.7,delivered,0
4475,1091,2250,5238,2025-04-27 23:19:00,2.27,moderate,UPI,3391,Powai,17.4,delivered,0
4476,1192,2437,8419,2025-02-17 13:53:00,1.08,low,CreditCard,3131,Khar,5.0,delivered,0
4477,1335,2409,2087,2025-02-27 11:22:00,2.05,moderate,CreditCard,3270,Fort,19.8,delivered,0
4478,1086,2089,6242,2025-04-22 04:14:00,0.42,low,CreditCard,3428,Fort,9.6,delivered,0
4479,1222,2125,2230,2025-05-13 06:46:00,9.36,low,DebitCard,3302,BKC,35.7,delivered,0
4480,1363,2113,4671,2025-04-03 04:11:00,4.83,high,CreditCard,3061,Vile Parle,37.3,delivered,0
4481,1424,2469,19655,2025-02-10 05:41:00,3.31,high,CreditCard,3164,Colaba,25.6,delivered,0
4482,1101,2137,3816,2025-04-28 08:42:00,2.32,low,CreditCard,3013,Lower Parel,8.8,delivered,0
4483,1226,2247,12973,2025-01-31 04:33:00,4.71,moderate,UPI,3272,Vile Parle,37.6,delivered,0
4484,1364,2496,2301,2025-05-10 15:10:00,2.05,low,UPI,3208,BKC,9.7,delivered,0
4485,1060,2166,3004,2025-01-12 03:20:00,1.07,moderate,Wallet,3246,Fort,5.7,delivered,0
4486,1482,2150,3814,2025-02-18 11:26:00,0.52,moderate,Wallet,3133,Juhu,7.0,delivered,0
4487,1250,2363,14012,2025-04-11 05:58:00,3.13,moderate,CreditCard,3244,Colaba,16.8,delivered,0
4488,1048,2343,5347,2025-03-19 19:56:00,7.95,high,UPI,3473,Khar,50.7,delivered,0
4489,1117,2433,10714,2025-02-08 19:56:00,0.5,moderate,UPI,3294,Powai,9.2,delivered,0
4490,1227,2068,2053,2025-04-14 05:52:00,0.6,low,UPI,3486,Khar,8.3,delivered,0
4491,1362,2221,8772,2025-04-03 14:43:00,1.71,moderate,DebitCard,3434,Fort,10.6,delivered,0
4492,1403,2271,3746,2025-04-11 03:15:00,4.93,low,CreditCard,3038,BKC,21.3,delivered,0
4493,1456,2321,5834,2025-01-03 15:31:00,1.04,moderate,DebitCard,3359,Juhu,10.6,delivered,0
4494,1487,2310,4663,2025-01-22 17:16:00,0.88,moderate,CreditCard,3056,Andheri,10.8,delivered,0
4495,1033,2414,2153,2025-05-09 14:57:00,2.9,low,UPI,3319,Powai,16.8,delivered,0
4496,1044,2349,6916,2025-05-04 09:31:00,2.3,moderate,UPI,3376,Lower Parel,16.9,delivered,0
4497,1476,2020,8277,2025-02-26 06:49:00,0.19,moderate,UPI,3048,Fort,7.9,delivered,0
4498,1165,2289,2004,2025-04-20 13:46:00,0.26,moderate,CreditCard,3105,Bandra,5.0,delivered,0
4499,1368,2489,1974,2025-05-10 16:37:00,3.09,low,UPI,3474,Juhu,15.6,delivered,0
4500,1345,2492,34883,2025-04-10 11:46:00,1.88,low,CreditCard,3059,Juhu,12.3,delivered,0
